depth,from,to,call_type,function,gas_allocated,gas_used,gas_remaining
0,0xfde0d1575ed8e06fbf36256bcdfa1f359281455a,0x80bf7db69556d9521c03461978b8fc731dbbd4e4,call,yoink,2804441,1820248,984193
1,0x80bf7db69556d9521c03461978b8fc731dbbd4e4,0xc02aaa39b223fe8d0a0e5c4f27ead9083c756cc2,call,approve,2757382,24420,2732962
1,0x80bf7db69556d9521c03461978b8fc731dbbd4e4,0x04c154b66cb340f3ae24111cc767e0184ed00cc6,call,approve,2730239,24601,2705638
1,0x80bf7db69556d9521c03461978b8fc731dbbd4e4,0xa0b86991c6218b36c1d19d4a2e9eb0ce3606eb48,call,approve,2702919,33962,2668957
2,0xa0b86991c6218b36c1d19d4a2e9eb0ce3606eb48,0x43506849d7c04f9138d1a2050bbf3a0c054402dd,delegatecall,approve,2653555,26673,2626882
1,0x80bf7db69556d9521c03461978b8fc731dbbd4e4,0x1899ad7268e4e76d21b6a04061e17cec847a111b,call,approve,2666384,24442,2641942
1,0x80bf7db69556d9521c03461978b8fc731dbbd4e4,0x7cbbe5d46146e69cd09d26f317ebadd324fc3e9d,call,approve,2639220,32765,2606455
2,0x7cbbe5d46146e69cd09d26f317ebadd324fc3e9d,0x28cd26607b09f6a2c89c1ec02cc5ec9b25cb0257,staticcall,implementation,2595283,2308,2592975
2,0x7cbbe5d46146e69cd09d26f317ebadd324fc3e9d,0x7c9c6c832a94511586c52561fce8cfc9db88f91b,delegatecall,approve,2590183,24801,2565382
1,0x80bf7db69556d9521c03461978b8fc731dbbd4e4,0x91d07e071ed64ea2a11ecea0a067e275697f404b,call,approve,2603863,24819,2579044
1,0x80bf7db69556d9521c03461978b8fc731dbbd4e4,0xbbbbbbbbbb9cc5e90e3b3af64bdaf62c37eeffcb,call,flashLoan,2576055,1612608,963447
2,0xbbbbbbbbbb9cc5e90e3b3af64bdaf62c37eeffcb,0xa0b86991c6218b36c1d19d4a2e9eb0ce3606eb48,call,transfer,2532290,15052,2517238
3,0xa0b86991c6218b36c1d19d4a2e9eb0ce3606eb48,0x43506849d7c04f9138d1a2050bbf3a0c054402dd,delegatecall,transfer,2491990,14263,2477727
2,0xbbbbbbbbbb9cc5e90e3b3af64bdaf62c37eeffcb,0x80bf7db69556d9521c03461978b8fc731dbbd4e4,call,Unresolved_31f57072,2516079,1579769,936310
3,0x80bf7db69556d9521c03461978b8fc731dbbd4e4,0x88e6a0c2ddd26feeb64f039a2c41296fcb3f5640,call,swap,2473273,122659,2350614
4,0x88e6a0c2ddd26feeb64f039a2c41296fcb3f5640,0xc02aaa39b223fe8d0a0e5c4f27ead9083c756cc2,call,transfer,2346519,12862,2333657
4,0x88e6a0c2ddd26feeb64f039a2c41296fcb3f5640,0xa0b86991c6218b36c1d19d4a2e9eb0ce3606eb48,staticcall,balanceOf,2332987,3339,2329648
5,0xa0b86991c6218b36c1d19d4a2e9eb0ce3606eb48,0x43506849d7c04f9138d1a2050bbf3a0c054402dd,delegatecall,balanceOf,2295804,2553,2293251
4,0x88e6a0c2ddd26feeb64f039a2c41296fcb3f5640,0x80bf7db69556d9521c03461978b8fc731dbbd4e4,call,Unresolved_fa461e33,2328921,9587,2319334
5,0x80bf7db69556d9521c03461978b8fc731dbbd4e4,0xa0b86991c6218b36c1d19d4a2e9eb0ce3606eb48,call,transfer,2291538,8252,2283286
6,0xa0b86991c6218b36c1d19d4a2e9eb0ce3606eb48,0x43506849d7c04f9138d1a2050bbf3a0c054402dd,delegatecall,transfer,2255000,7463,2247537
4,0x88e6a0c2ddd26feeb64f039a2c41296fcb3f5640,0xa0b86991c6218b36c1d19d4a2e9eb0ce3606eb48,staticcall,balanceOf,2318851,1339,2317512
5,0xa0b86991c6218b36c1d19d4a2e9eb0ce3606eb48,0x43506849d7c04f9138d1a2050bbf3a0c054402dd,delegatecall,balanceOf,2281889,553,2281336
3,0x80bf7db69556d9521c03461978b8fc731dbbd4e4,0xc8eb2cf2f792f77af0cd9e203305a585e588179d,call,exchange,2349424,122355,2227069
4,0xc8eb2cf2f792f77af0cd9e203305a585e588179d,0xc02aaa39b223fe8d0a0e5c4f27ead9083c756cc2,staticcall,balanceOf,2290618,2534,2288084
4,0xc8eb2cf2f792f77af0cd9e203305a585e588179d,0xc02aaa39b223fe8d0a0e5c4f27ead9083c756cc2,call,transferFrom,2287795,6225,2281570
4,0xc8eb2cf2f792f77af0cd9e203305a585e588179d,0xc02aaa39b223fe8d0a0e5c4f27ead9083c756cc2,staticcall,balanceOf,2281345,534,2280811
4,0xc8eb2cf2f792f77af0cd9e203305a585e588179d,0x04c154b66cb340f3ae24111cc767e0184ed00cc6,call,transfer,2223942,29696,2194246
3,0x80bf7db69556d9521c03461978b8fc731dbbd4e4,0x82788c99bd80ad2d7bba1fb12b0eac97ccf2e91f,call,bond,2225880,106033,2119847
4,0x82788c99bd80ad2d7bba1fb12b0eac97ccf2e91f,0x1e45673d425a0e9b27e6688bbec53ea9f22f2d8a,staticcall,implementation,2188401,2308,2186093
4,0x82788c99bd80ad2d7bba1fb12b0eac97ccf2e91f,0x50d2acb0d9ee43c39dcf7cf694e94a0f9187491a,delegatecall,bond,2183299,98069,2085230
5,0x82788c99bd80ad2d7bba1fb12b0eac97ccf2e91f,0x04c154b66cb340f3ae24111cc767e0184ed00cc6,staticcall,balanceOf,2066193,2565,2063628
5,0x82788c99bd80ad2d7bba1fb12b0eac97ccf2e91f,0x04c154b66cb340f3ae24111cc767e0184ed00cc6,call,transferFrom,2063087,6259,2056828
5,0x82788c99bd80ad2d7bba1fb12b0eac97ccf2e91f,0x04c154b66cb340f3ae24111cc767e0184ed00cc6,staticcall,balanceOf,2056529,565,2055964
3,0x80bf7db69556d9521c03461978b8fc731dbbd4e4,0x82788c99bd80ad2d7bba1fb12b0eac97ccf2e91f,call,transfer,2120935,277866,1843069
4,0x82788c99bd80ad2d7bba1fb12b0eac97ccf2e91f,0x1e45673d425a0e9b27e6688bbec53ea9f22f2d8a,staticcall,implementation,2087557,308,2087249
4,0x82788c99bd80ad2d7bba1fb12b0eac97ccf2e91f,0x50d2acb0d9ee43c39dcf7cf694e94a0f9187491a,delegatecall,transfer,2086887,276902,1809985
5,0x82788c99bd80ad2d7bba1fb12b0eac97ccf2e91f,0x7cbbe5d46146e69cd09d26f317ebadd324fc3e9d,staticcall,Unresolved_f5996fe4,2007802,3405,2004397
6,0x7cbbe5d46146e69cd09d26f317ebadd324fc3e9d,0x28cd26607b09f6a2c89c1ec02cc5ec9b25cb0257,staticcall,implementation,1976191,308,1975883
6,0x7cbbe5d46146e69cd09d26f317ebadd324fc3e9d,0x7c9c6c832a94511586c52561fce8cfc9db88f91b,delegatecall,Unresolved_f5996fe4,1975528,2447,1973081
5,0x82788c99bd80ad2d7bba1fb12b0eac97ccf2e91f,0xca1154bbd62c21868a358f9f782b90d69af600b0,staticcall,balanceOf,1999463,2644,1996819
5,0x82788c99bd80ad2d7bba1fb12b0eac97ccf2e91f,0x440daf974bf6c97e9442fffd022ca554ee94219c,call,Unresolved_83e4b89f,1993748,131807,1861941
6,0x440daf974bf6c97e9442fffd022ca554ee94219c,0xca1154bbd62c21868a358f9f782b90d69af600b0,staticcall,balanceOf,1961789,644,1961145
6,0x440daf974bf6c97e9442fffd022ca554ee94219c,0x82788c99bd80ad2d7bba1fb12b0eac97ccf2e91f,call,transferFrom,1960549,30213,1930336
7,0x82788c99bd80ad2d7bba1fb12b0eac97ccf2e91f,0x1e45673d425a0e9b27e6688bbec53ea9f22f2d8a,staticcall,implementation,1929677,308,1929369
7,0x82788c99bd80ad2d7bba1fb12b0eac97ccf2e91f,0x50d2acb0d9ee43c39dcf7cf694e94a0f9187491a,delegatecall,transferFrom,1929004,29246,1899758
6,0x440daf974bf6c97e9442fffd022ca554ee94219c,0x82788c99bd80ad2d7bba1fb12b0eac97ccf2e91f,staticcall,allowance,1930134,3773,1926361
7,0x82788c99bd80ad2d7bba1fb12b0eac97ccf2e91f,0x1e45673d425a0e9b27e6688bbec53ea9f22f2d8a,staticcall,implementation,1899737,308,1899429
7,0x82788c99bd80ad2d7bba1fb12b0eac97ccf2e91f,0x50d2acb0d9ee43c39dcf7cf694e94a0f9187491a,delegatecall,allowance,1899068,2809,1896259
6,0x440daf974bf6c97e9442fffd022ca554ee94219c,0x82788c99bd80ad2d7bba1fb12b0eac97ccf2e91f,call,approve,1925835,23727,1902108
7,0x82788c99bd80ad2d7bba1fb12b0eac97ccf2e91f,0x1e45673d425a0e9b27e6688bbec53ea9f22f2d8a,staticcall,implementation,1895505,308,1895197
7,0x82788c99bd80ad2d7bba1fb12b0eac97ccf2e91f,0x50d2acb0d9ee43c39dcf7cf694e94a0f9187491a,delegatecall,approve,1894836,22763,1872073
6,0x440daf974bf6c97e9442fffd022ca554ee94219c,0x7a250d5630b4cf539739df2c5dacb4c659f2488d,call,Unresolved_5c11d795,1899080,66080,1833000
7,0x7a250d5630b4cf539739df2c5dacb4c659f2488d,0x82788c99bd80ad2d7bba1fb12b0eac97ccf2e91f,call,transferFrom,1867320,9113,1858207
8,0x82788c99bd80ad2d7bba1fb12b0eac97ccf2e91f,0x1e45673d425a0e9b27e6688bbec53ea9f22f2d8a,staticcall,implementation,1837904,308,1837596
8,0x82788c99bd80ad2d7bba1fb12b0eac97ccf2e91f,0x50d2acb0d9ee43c39dcf7cf694e94a0f9187491a,delegatecall,transferFrom,1837232,8146,1829086
7,0x7a250d5630b4cf539739df2c5dacb4c659f2488d,0xca1154bbd62c21868a358f9f782b90d69af600b0,staticcall,balanceOf,1857696,644,1857052
7,0x7a250d5630b4cf539739df2c5dacb4c659f2488d,0x1899ad7268e4e76d21b6a04061e17cec847a111b,staticcall,getReserves,1855535,2504,1853031
7,0x7a250d5630b4cf539739df2c5dacb4c659f2488d,0x82788c99bd80ad2d7bba1fb12b0eac97ccf2e91f,staticcall,balanceOf,1852559,1663,1850896
8,0x82788c99bd80ad2d7bba1fb12b0eac97ccf2e91f,0x1e45673d425a0e9b27e6688bbec53ea9f22f2d8a,staticcall,implementation,1823374,308,1823066
8,0x82788c99bd80ad2d7bba1fb12b0eac97ccf2e91f,0x50d2acb0d9ee43c39dcf7cf694e94a0f9187491a,delegatecall,balanceOf,1822708,702,1822006
7,0x7a250d5630b4cf539739df2c5dacb4c659f2488d,0x1899ad7268e4e76d21b6a04061e17cec847a111b,call,Unresolved_022c0d9f,1849386,44370,1805016
8,0x1899ad7268e4e76d21b6a04061e17cec847a111b,0xca1154bbd62c21868a358f9f782b90d69af600b0,call,transfer,1809754,10740,1799014
8,0x1899ad7268e4e76d21b6a04061e17cec847a111b,0x82788c99bd80ad2d7bba1fb12b0eac97ccf2e91f,staticcall,balanceOf,1798581,1663,1796918
9,0x82788c99bd80ad2d7bba1fb12b0eac97ccf2e91f,0x1e45673d425a0e9b27e6688bbec53ea9f22f2d8a,staticcall,implementation,1770239,308,1769931
9,0x82788c99bd80ad2d7bba1fb12b0eac97ccf2e91f,0x50d2acb0d9ee43c39dcf7cf694e94a0f9187491a,delegatecall,balanceOf,1769573,702,1768871
8,0x1899ad7268e4e76d21b6a04061e17cec847a111b,0xca1154bbd62c21868a358f9f782b90d69af600b0,staticcall,balanceOf,1796538,644,1795894
7,0x7a250d5630b4cf539739df2c5dacb4c659f2488d,0xca1154bbd62c21868a358f9f782b90d69af600b0,staticcall,balanceOf,1805181,644,1804537
6,0x440daf974bf6c97e9442fffd022ca554ee94219c,0xca1154bbd62c21868a358f9f782b90d69af600b0,staticcall,balanceOf,1833796,644,1833152
5,0x82788c99bd80ad2d7bba1fb12b0eac97ccf2e91f,0xca1154bbd62c21868a358f9f782b90d69af600b0,staticcall,balanceOf,1861317,644,1860673
5,0x82788c99bd80ad2d7bba1fb12b0eac97ccf2e91f,0x1ff3fdd052edc3dd83673e2d8165da6fb1b184c1,call,Unresolved_3694313d,1857721,70680,1787041
6,0x1ff3fdd052edc3dd83673e2d8165da6fb1b184c1,0x2d2d83afe241c1ca57fec3eb9c4f4786f1e0ca31,staticcall,implementation,1825994,2308,1823686
6,0x1ff3fdd052edc3dd83673e2d8165da6fb1b184c1,0x0a7734281725f534f83d1bc9d91c40b1e80618cc,delegatecall,Unresolved_3694313d,1820898,62722,1758176
7,0x1ff3fdd052edc3dd83673e2d8165da6fb1b184c1,0xca1154bbd62c21868a358f9f782b90d69af600b0,staticcall,balanceOf,1783206,644,1782562
7,0x1ff3fdd052edc3dd83673e2d8165da6fb1b184c1,0x8687975d5008e0f12e7ebf024c3f0b658e11a5ff,staticcall,protocolFees,1777506,2303,1775203
7,0x1ff3fdd052edc3dd83673e2d8165da6fb1b184c1,0x26f6bfe6d5a10db4399fa105562cae7a5fa216c7,staticcall,Unresolved_67601155,1772321,2351,1769970
7,0x1ff3fdd052edc3dd83673e2d8165da6fb1b184c1,0x26f6bfe6d5a10db4399fa105562cae7a5fa216c7,staticcall,Unresolved_0389ed17,1769661,2285,1767376
7,0x1ff3fdd052edc3dd83673e2d8165da6fb1b184c1,0x8687975d5008e0f12e7ebf024c3f0b658e11a5ff,staticcall,protocolFees,1766872,303,1766569
7,0x1ff3fdd052edc3dd83673e2d8165da6fb1b184c1,0x26f6bfe6d5a10db4399fa105562cae7a5fa216c7,staticcall,Unresolved_3c9a0700,1766161,229,1765932
7,0x1ff3fdd052edc3dd83673e2d8165da6fb1b184c1,0x8687975d5008e0f12e7ebf024c3f0b658e11a5ff,staticcall,protocolFees,1765026,303,1764723
7,0x1ff3fdd052edc3dd83673e2d8165da6fb1b184c1,0x26f6bfe6d5a10db4399fa105562cae7a5fa216c7,staticcall,Unresolved_67601155,1764271,351,1763920
7,0x1ff3fdd052edc3dd83673e2d8165da6fb1b184c1,0x26f6bfe6d5a10db4399fa105562cae7a5fa216c7,staticcall,Unresolved_0389ed17,1763579,285,1763294
7,0x1ff3fdd052edc3dd83673e2d8165da6fb1b184c1,0x8687975d5008e0f12e7ebf024c3f0b658e11a5ff,staticcall,protocolFees,1762779,303,1762476
7,0x1ff3fdd052edc3dd83673e2d8165da6fb1b184c1,0x26f6bfe6d5a10db4399fa105562cae7a5fa216c7,staticcall,Unresolved_3c9a0700,1762068,229,1761839
7,0x1ff3fdd052edc3dd83673e2d8165da6fb1b184c1,0x9de8aa7743660e73a481e5647e75050da9504533,staticcall,Unresolved_8da5cb5b,1756596,2320,1754276
7,0x1ff3fdd052edc3dd83673e2d8165da6fb1b184c1,0xca1154bbd62c21868a358f9f782b90d69af600b0,call,transfer,1753579,7940,1745639
3,0x80bf7db69556d9521c03461978b8fc731dbbd4e4,0xca1154bbd62c21868a358f9f782b90d69af600b0,call,Unresolved_6e553f65,1846774,210770,1636004
4,0xca1154bbd62c21868a358f9f782b90d69af600b0,0x3717e340140d30f3a077dd21fac39a86ace873aa,staticcall,Unresolved_22bbc2d2,1800842,9603,1791239
4,0xca1154bbd62c21868a358f9f782b90d69af600b0,0x3717e340140d30f3a077dd21fac39a86ace873aa,staticcall,Unresolved_22bbc2d2,1785031,1603,1783428
4,0xca1154bbd62c21868a358f9f782b90d69af600b0,0x4e8d33ebd2470958be5af47b2a35cbd9f428e888,staticcall,getNewRate,1778142,2159,1775983
4,0xca1154bbd62c21868a358f9f782b90d69af600b0,0xa0b86991c6218b36c1d19d4a2e9eb0ce3606eb48,call,transferFrom,1720065,11349,1708716
5,0xa0b86991c6218b36c1d19d4a2e9eb0ce3606eb48,0x43506849d7c04f9138d1a2050bbf3a0c054402dd,delegatecall,transferFrom,1692450,10554,1681896
4,0xca1154bbd62c21868a358f9f782b90d69af600b0,0x3717e340140d30f3a077dd21fac39a86ace873aa,call,Unresolved_3c367282,1707552,25281,1682271
5,0x3717e340140d30f3a077dd21fac39a86ace873aa,0xca1154bbd62c21868a358f9f782b90d69af600b0,staticcall,convertToAssets,1675919,2377,1673542
4,0xca1154bbd62c21868a358f9f782b90d69af600b0,0x3717e340140d30f3a077dd21fac39a86ace873aa,staticcall,Unresolved_9d6c6351,1682331,572,1681759
4,0xca1154bbd62c21868a358f9f782b90d69af600b0,0x3717e340140d30f3a077dd21fac39a86ace873aa,staticcall,totalAssets,1681273,316,1680957
4,0xca1154bbd62c21868a358f9f782b90d69af600b0,0x3717e340140d30f3a077dd21fac39a86ace873aa,staticcall,Unresolved_9cfd2f2e,1680474,325,1680149
4,0xca1154bbd62c21868a358f9f782b90d69af600b0,0x3717e340140d30f3a077dd21fac39a86ace873aa,staticcall,Unresolved_37082c15,1679523,573,1678950
4,0xca1154bbd62c21868a358f9f782b90d69af600b0,0xa0b86991c6218b36c1d19d4a2e9eb0ce3606eb48,call,approve,1675150,25462,1649688
5,0xa0b86991c6218b36c1d19d4a2e9eb0ce3606eb48,0x43506849d7c04f9138d1a2050bbf3a0c054402dd,delegatecall,approve,1648243,24673,1623570
4,0xca1154bbd62c21868a358f9f782b90d69af600b0,0x3717e340140d30f3a077dd21fac39a86ace873aa,call,Unresolved_61325e18,1649432,25595,1623837
5,0x3717e340140d30f3a077dd21fac39a86ace873aa,0xca1154bbd62c21868a358f9f782b90d69af600b0,staticcall,convertToAssets,1622772,2377,1620395
5,0x3717e340140d30f3a077dd21fac39a86ace873aa,0xa0b86991c6218b36c1d19d4a2e9eb0ce3606eb48,call,transferFrom,1611217,11349,1599868
6,0xa0b86991c6218b36c1d19d4a2e9eb0ce3606eb48,0x43506849d7c04f9138d1a2050bbf3a0c054402dd,delegatecall,transferFrom,1585303,10554,1574749
4,0xca1154bbd62c21868a358f9f782b90d69af600b0,0x3717e340140d30f3a077dd21fac39a86ace873aa,staticcall,Unresolved_22bbc2d2,1623184,1603,1621581
3,0x80bf7db69556d9521c03461978b8fc731dbbd4e4,0xca1154bbd62c21868a358f9f782b90d69af600b0,call,transfer,1638657,3140,1635517
3,0x80bf7db69556d9521c03461978b8fc731dbbd4e4,0x82788c99bd80ad2d7bba1fb12b0eac97ccf2e91f,call,transfer,1634923,13035,1621888
4,0x82788c99bd80ad2d7bba1fb12b0eac97ccf2e91f,0x1e45673d425a0e9b27e6688bbec53ea9f22f2d8a,staticcall,implementation,1609139,308,1608831
4,0x82788c99bd80ad2d7bba1fb12b0eac97ccf2e91f,0x50d2acb0d9ee43c39dcf7cf694e94a0f9187491a,delegatecall,transfer,1608469,12071,1596398
3,0x80bf7db69556d9521c03461978b8fc731dbbd4e4,0x1899ad7268e4e76d21b6a04061e17cec847a111b,call,mint,1621455,50306,1571149
4,0x1899ad7268e4e76d21b6a04061e17cec847a111b,0x82788c99bd80ad2d7bba1fb12b0eac97ccf2e91f,staticcall,balanceOf,1592257,1663,1590594
5,0x82788c99bd80ad2d7bba1fb12b0eac97ccf2e91f,0x1e45673d425a0e9b27e6688bbec53ea9f22f2d8a,staticcall,implementation,1567139,308,1566831
5,0x82788c99bd80ad2d7bba1fb12b0eac97ccf2e91f,0x50d2acb0d9ee43c39dcf7cf694e94a0f9187491a,delegatecall,balanceOf,1566473,702,1565771
4,0x1899ad7268e4e76d21b6a04061e17cec847a111b,0xca1154bbd62c21868a358f9f782b90d69af600b0,staticcall,balanceOf,1590104,644,1589460
4,0x1899ad7268e4e76d21b6a04061e17cec847a111b,0x5c69bee701ef814a2b6a3edd4b1652cb9cc5aa6f,staticcall,feeTo,1584322,2314,1582008
3,0x80bf7db69556d9521c03461978b8fc731dbbd4e4,0x7cbbe5d46146e69cd09d26f317ebadd324fc3e9d,call,stake,1571288,120081,1451207
4,0x7cbbe5d46146e69cd09d26f317ebadd324fc3e9d,0x28cd26607b09f6a2c89c1ec02cc5ec9b25cb0257,staticcall,implementation,1546498,308,1546190
4,0x7cbbe5d46146e69cd09d26f317ebadd324fc3e9d,0x7c9c6c832a94511586c52561fce8cfc9db88f91b,delegatecall,stake,1545829,119120,1426709
5,0x7cbbe5d46146e69cd09d26f317ebadd324fc3e9d,0x1ff3fdd052edc3dd83673e2d8165da6fb1b184c1,call,Unresolved_d6460b4b,1487537,73708,1413829
6,0x1ff3fdd052edc3dd83673e2d8165da6fb1b184c1,0x2d2d83afe241c1ca57fec3eb9c4f4786f1e0ca31,staticcall,implementation,1464056,308,1463748
6,0x1ff3fdd052edc3dd83673e2d8165da6fb1b184c1,0x0a7734281725f534f83d1bc9d91c40b1e80618cc,delegatecall,Unresolved_d6460b4b,1463383,72744,1390639
7,0x1ff3fdd052edc3dd83673e2d8165da6fb1b184c1,0x82788c99bd80ad2d7bba1fb12b0eac97ccf2e91f,call,Unresolved_bb463027,1435471,6958,1428513
8,0x82788c99bd80ad2d7bba1fb12b0eac97ccf2e91f,0x1e45673d425a0e9b27e6688bbec53ea9f22f2d8a,staticcall,implementation,1412803,308,1412495
8,0x82788c99bd80ad2d7bba1fb12b0eac97ccf2e91f,0x50d2acb0d9ee43c39dcf7cf694e94a0f9187491a,delegatecall,Unresolved_bb463027,1412140,6003,1406137
9,0x82788c99bd80ad2d7bba1fb12b0eac97ccf2e91f,0x7cbbe5d46146e69cd09d26f317ebadd324fc3e9d,staticcall,Unresolved_f5996fe4,1386535,1405,1385130
10,0x7cbbe5d46146e69cd09d26f317ebadd324fc3e9d,0x28cd26607b09f6a2c89c1ec02cc5ec9b25cb0257,staticcall,implementation,1364632,308,1364324
10,0x7cbbe5d46146e69cd09d26f317ebadd324fc3e9d,0x7c9c6c832a94511586c52561fce8cfc9db88f91b,delegatecall,Unresolved_f5996fe4,1363968,447,1363521
5,0x7cbbe5d46146e69cd09d26f317ebadd324fc3e9d,0x1899ad7268e4e76d21b6a04061e17cec847a111b,call,transferFrom,1414403,8170,1406233
3,0x80bf7db69556d9521c03461978b8fc731dbbd4e4,0x91d07e071ed64ea2a11ecea0a067e275697f404b,call,Unresolved_6e553f65,1452515,223293,1229222
4,0x91d07e071ed64ea2a11ecea0a067e275697f404b,0x82788c99bd80ad2d7bba1fb12b0eac97ccf2e91f,staticcall,lpStakingPool,1424916,1429,1423487
5,0x82788c99bd80ad2d7bba1fb12b0eac97ccf2e91f,0x1e45673d425a0e9b27e6688bbec53ea9f22f2d8a,staticcall,implementation,1402413,308,1402105
5,0x82788c99bd80ad2d7bba1fb12b0eac97ccf2e91f,0x50d2acb0d9ee43c39dcf7cf694e94a0f9187491a,delegatecall,lpStakingPool,1401750,471,1401279
4,0x91d07e071ed64ea2a11ecea0a067e275697f404b,0x7cbbe5d46146e69cd09d26f317ebadd324fc3e9d,staticcall,Unresolved_f5996fe4,1423080,1405,1421675
5,0x7cbbe5d46146e69cd09d26f317ebadd324fc3e9d,0x28cd26607b09f6a2c89c1ec02cc5ec9b25cb0257,staticcall,implementation,1400606,308,1400298
5,0x7cbbe5d46146e69cd09d26f317ebadd324fc3e9d,0x7c9c6c832a94511586c52561fce8cfc9db88f91b,delegatecall,Unresolved_f5996fe4,1399942,447,1399495
4,0x91d07e071ed64ea2a11ecea0a067e275697f404b,0x1ff3fdd052edc3dd83673e2d8165da6fb1b184c1,staticcall,getAllRewardsTokens,1421284,1977,1419307
5,0x1ff3fdd052edc3dd83673e2d8165da6fb1b184c1,0x2d2d83afe241c1ca57fec3eb9c4f4786f1e0ca31,staticcall,implementation,1398838,308,1398530
5,0x1ff3fdd052edc3dd83673e2d8165da6fb1b184c1,0x0a7734281725f534f83d1bc9d91c40b1e80618cc,delegatecall,getAllRewardsTokens,1398174,1013,1397161
4,0x91d07e071ed64ea2a11ecea0a067e275697f404b,0x82788c99bd80ad2d7bba1fb12b0eac97ccf2e91f,staticcall,Unresolved_4f4ce61d,1418114,1407,1416707
5,0x82788c99bd80ad2d7bba1fb12b0eac97ccf2e91f,0x1e45673d425a0e9b27e6688bbec53ea9f22f2d8a,staticcall,implementation,1395717,308,1395409
5,0x82788c99bd80ad2d7bba1fb12b0eac97ccf2e91f,0x50d2acb0d9ee43c39dcf7cf694e94a0f9187491a,delegatecall,Unresolved_4f4ce61d,1395054,449,1394605
4,0x91d07e071ed64ea2a11ecea0a067e275697f404b,0xca1154bbd62c21868a358f9f782b90d69af600b0,staticcall,balanceOf,1414170,2644,1411526
4,0x91d07e071ed64ea2a11ecea0a067e275697f404b,0x82788c99bd80ad2d7bba1fb12b0eac97ccf2e91f,staticcall,Unresolved_58f4dcc3,1410896,1340,1409556
5,0x82788c99bd80ad2d7bba1fb12b0eac97ccf2e91f,0x1e45673d425a0e9b27e6688bbec53ea9f22f2d8a,staticcall,implementation,1388612,308,1388304
5,0x82788c99bd80ad2d7bba1fb12b0eac97ccf2e91f,0x50d2acb0d9ee43c39dcf7cf694e94a0f9187491a,delegatecall,Unresolved_58f4dcc3,1387949,382,1387567
4,0x91d07e071ed64ea2a11ecea0a067e275697f404b,0x82788c99bd80ad2d7bba1fb12b0eac97ccf2e91f,staticcall,Unresolved_4f4ce61d,1409008,1407,1407601
5,0x82788c99bd80ad2d7bba1fb12b0eac97ccf2e91f,0x1e45673d425a0e9b27e6688bbec53ea9f22f2d8a,staticcall,implementation,1386754,308,1386446
5,0x82788c99bd80ad2d7bba1fb12b0eac97ccf2e91f,0x50d2acb0d9ee43c39dcf7cf694e94a0f9187491a,delegatecall,Unresolved_4f4ce61d,1386090,449,1385641
4,0x91d07e071ed64ea2a11ecea0a067e275697f404b,0x02f92800f57bcd74066f5709f1daa1a4302df875,staticcall,balanceOf,1404661,2467,1402194
4,0x91d07e071ed64ea2a11ecea0a067e275697f404b,0x82788c99bd80ad2d7bba1fb12b0eac97ccf2e91f,staticcall,lpStakingPool,1393145,1429,1391716
5,0x82788c99bd80ad2d7bba1fb12b0eac97ccf2e91f,0x1e45673d425a0e9b27e6688bbec53ea9f22f2d8a,staticcall,implementation,1371138,308,1370830
5,0x82788c99bd80ad2d7bba1fb12b0eac97ccf2e91f,0x50d2acb0d9ee43c39dcf7cf694e94a0f9187491a,delegatecall,lpStakingPool,1370475,471,1370004
4,0x91d07e071ed64ea2a11ecea0a067e275697f404b,0x7cbbe5d46146e69cd09d26f317ebadd324fc3e9d,call,transferFrom,1391063,154251,1236812
5,0x7cbbe5d46146e69cd09d26f317ebadd324fc3e9d,0x28cd26607b09f6a2c89c1ec02cc5ec9b25cb0257,staticcall,implementation,1369089,308,1368781
5,0x7cbbe5d46146e69cd09d26f317ebadd324fc3e9d,0x7c9c6c832a94511586c52561fce8cfc9db88f91b,delegatecall,transferFrom,1368417,153284,1215133
6,0x7cbbe5d46146e69cd09d26f317ebadd324fc3e9d,0x1ff3fdd052edc3dd83673e2d8165da6fb1b184c1,call,Unresolved_d6460b4b,1338080,27574,1310506
7,0x1ff3fdd052edc3dd83673e2d8165da6fb1b184c1,0x2d2d83afe241c1ca57fec3eb9c4f4786f1e0ca31,staticcall,implementation,1316934,308,1316626
7,0x1ff3fdd052edc3dd83673e2d8165da6fb1b184c1,0x0a7734281725f534f83d1bc9d91c40b1e80618cc,delegatecall,Unresolved_d6460b4b,1316261,26610,1289651
8,0x1ff3fdd052edc3dd83673e2d8165da6fb1b184c1,0x82788c99bd80ad2d7bba1fb12b0eac97ccf2e91f,call,Unresolved_bb463027,1294586,6958,1287628
9,0x82788c99bd80ad2d7bba1fb12b0eac97ccf2e91f,0x1e45673d425a0e9b27e6688bbec53ea9f22f2d8a,staticcall,implementation,1274119,308,1273811
9,0x82788c99bd80ad2d7bba1fb12b0eac97ccf2e91f,0x50d2acb0d9ee43c39dcf7cf694e94a0f9187491a,delegatecall,Unresolved_bb463027,1273456,6003,1267453
10,0x82788c99bd80ad2d7bba1fb12b0eac97ccf2e91f,0x7cbbe5d46146e69cd09d26f317ebadd324fc3e9d,staticcall,Unresolved_f5996fe4,1250018,1405,1248613
11,0x7cbbe5d46146e69cd09d26f317ebadd324fc3e9d,0x28cd26607b09f6a2c89c1ec02cc5ec9b25cb0257,staticcall,implementation,1230248,308,1229940
11,0x7cbbe5d46146e69cd09d26f317ebadd324fc3e9d,0x7c9c6c832a94511586c52561fce8cfc9db88f91b,delegatecall,Unresolved_f5996fe4,1229584,447,1229137
8,0x1ff3fdd052edc3dd83673e2d8165da6fb1b184c1,0x5cdad2512a46744100e38bea7006b486f4d14eea,staticcall,paused,1281837,2521,1279316
6,0x7cbbe5d46146e69cd09d26f317ebadd324fc3e9d,0x1ff3fdd052edc3dd83673e2d8165da6fb1b184c1,call,Unresolved_d6460b4b,1310345,115865,1194480
7,0x1ff3fdd052edc3dd83673e2d8165da6fb1b184c1,0x2d2d83afe241c1ca57fec3eb9c4f4786f1e0ca31,staticcall,implementation,1289632,308,1289324
7,0x1ff3fdd052edc3dd83673e2d8165da6fb1b184c1,0x0a7734281725f534f83d1bc9d91c40b1e80618cc,delegatecall,Unresolved_d6460b4b,1288960,114901,1174059
8,0x1ff3fdd052edc3dd83673e2d8165da6fb1b184c1,0x82788c99bd80ad2d7bba1fb12b0eac97ccf2e91f,call,Unresolved_bb463027,1267711,6958,1260753
9,0x82788c99bd80ad2d7bba1fb12b0eac97ccf2e91f,0x1e45673d425a0e9b27e6688bbec53ea9f22f2d8a,staticcall,implementation,1247664,308,1247356
9,0x82788c99bd80ad2d7bba1fb12b0eac97ccf2e91f,0x50d2acb0d9ee43c39dcf7cf694e94a0f9187491a,delegatecall,Unresolved_bb463027,1247001,6003,1240998
10,0x82788c99bd80ad2d7bba1fb12b0eac97ccf2e91f,0x7cbbe5d46146e69cd09d26f317ebadd324fc3e9d,staticcall,Unresolved_f5996fe4,1223976,1405,1222571
11,0x7cbbe5d46146e69cd09d26f317ebadd324fc3e9d,0x28cd26607b09f6a2c89c1ec02cc5ec9b25cb0257,staticcall,implementation,1204613,308,1204305
11,0x7cbbe5d46146e69cd09d26f317ebadd324fc3e9d,0x7c9c6c832a94511586c52561fce8cfc9db88f91b,delegatecall,Unresolved_f5996fe4,1203949,447,1203502
8,0x1ff3fdd052edc3dd83673e2d8165da6fb1b184c1,0x5cdad2512a46744100e38bea7006b486f4d14eea,staticcall,paused,1257644,521,1257123
8,0x1ff3fdd052edc3dd83673e2d8165da6fb1b184c1,0xca1154bbd62c21868a358f9f782b90d69af600b0,call,transfer,1190342,23040,1167302
3,0x80bf7db69556d9521c03461978b8fc731dbbd4e4,0xca1154bbd62c21868a358f9f782b90d69af600b0,call,borrowAsset,1232062,314983,917079
4,0xca1154bbd62c21868a358f9f782b90d69af600b0,0x3717e340140d30f3a077dd21fac39a86ace873aa,staticcall,Unresolved_22bbc2d2,1208019,1603,1206416
4,0xca1154bbd62c21868a358f9f782b90d69af600b0,0x09133de53c0b365587c0e8c67e2c07a624f31ce4,staticcall,getPrices,1188902,174792,1014110
5,0x09133de53c0b365587c0e8c67e2c07a624f31ce4,0x91d07e071ed64ea2a11ecea0a067e275697f404b,staticcall,convertToShares,1169852,1365,1168487
5,0x09133de53c0b365587c0e8c67e2c07a624f31ce4,0xa0b86991c6218b36c1d19d4a2e9eb0ce3606eb48,staticcall,decimals,1168144,3164,1164980
6,0xa0b86991c6218b36c1d19d4a2e9eb0ce3606eb48,0x43506849d7c04f9138d1a2050bbf3a0c054402dd,delegatecall,decimals,1149165,2381,1146784
5,0x09133de53c0b365587c0e8c67e2c07a624f31ce4,0xbf74c732e311bb333bcc465a0195c7178270ebc1,staticcall,Unresolved_0807aa91,1152333,48980,1103353
6,0xbf74c732e311bb333bcc465a0195c7178270ebc1,0x02edd21f1db8eb146be60998e9801691e725f119,staticcall,token0,1131156,266,1130890
6,0xbf74c732e311bb333bcc465a0195c7178270ebc1,0x02edd21f1db8eb146be60998e9801691e725f119,staticcall,token1,1130407,308,1130099
6,0xbf74c732e311bb333bcc465a0195c7178270ebc1,0x02edd21f1db8eb146be60998e9801691e725f119,staticcall,token1,1129670,308,1129362
6,0xbf74c732e311bb333bcc465a0195c7178270ebc1,0x02edd21f1db8eb146be60998e9801691e725f119,staticcall,token0,1128944,266,1128678
6,0xbf74c732e311bb333bcc465a0195c7178270ebc1,0x04c154b66cb340f3ae24111cc767e0184ed00cc6,staticcall,decimals,1128269,294,1127975
6,0xbf74c732e311bb333bcc465a0195c7178270ebc1,0xc02aaa39b223fe8d0a0e5c4f27ead9083c756cc2,staticcall,decimals,1127563,2444,1125119
6,0xbf74c732e311bb333bcc465a0195c7178270ebc1,0x02edd21f1db8eb146be60998e9801691e725f119,staticcall,observe,1124093,29696,1094397
5,0x09133de53c0b365587c0e8c67e2c07a624f31ce4,0xbf74c732e311bb333bcc465a0195c7178270ebc1,staticcall,Unresolved_0807aa91,1103333,55930,1047403
6,0xbf74c732e311bb333bcc465a0195c7178270ebc1,0x88e6a0c2ddd26feeb64f039a2c41296fcb3f5640,staticcall,token0,1085382,266,1085116
6,0xbf74c732e311bb333bcc465a0195c7178270ebc1,0x88e6a0c2ddd26feeb64f039a2c41296fcb3f5640,staticcall,token1,1084633,308,1084325
6,0xbf74c732e311bb333bcc465a0195c7178270ebc1,0x88e6a0c2ddd26feeb64f039a2c41296fcb3f5640,staticcall,token1,1083897,308,1083589
6,0xbf74c732e311bb333bcc465a0195c7178270ebc1,0x88e6a0c2ddd26feeb64f039a2c41296fcb3f5640,staticcall,token0,1083170,266,1082904
6,0xbf74c732e311bb333bcc465a0195c7178270ebc1,0xa0b86991c6218b36c1d19d4a2e9eb0ce3606eb48,staticcall,decimals,1082496,1164,1081332
7,0xa0b86991c6218b36c1d19d4a2e9eb0ce3606eb48,0x43506849d7c04f9138d1a2050bbf3a0c054402dd,delegatecall,decimals,1064855,381,1064474
6,0xbf74c732e311bb333bcc465a0195c7178270ebc1,0xc02aaa39b223fe8d0a0e5c4f27ead9083c756cc2,staticcall,decimals,1080933,444,1080489
6,0xbf74c732e311bb333bcc465a0195c7178270ebc1,0x88e6a0c2ddd26feeb64f039a2c41296fcb3f5640,staticcall,observe,1079432,44276,1035156
5,0x09133de53c0b365587c0e8c67e2c07a624f31ce4,0x04c154b66cb340f3ae24111cc767e0184ed00cc6,staticcall,decimals,1045349,294,1045055
5,0x09133de53c0b365587c0e8c67e2c07a624f31ce4,0x82788c99bd80ad2d7bba1fb12b0eac97ccf2e91f,staticcall,decimals,1044365,1238,1043127
6,0x82788c99bd80ad2d7bba1fb12b0eac97ccf2e91f,0x1e45673d425a0e9b27e6688bbec53ea9f22f2d8a,staticcall,implementation,1027808,308,1027500
6,0x82788c99bd80ad2d7bba1fb12b0eac97ccf2e91f,0x50d2acb0d9ee43c39dcf7cf694e94a0f9187491a,delegatecall,decimals,1027145,280,1026865
5,0x09133de53c0b365587c0e8c67e2c07a624f31ce4,0x82788c99bd80ad2d7bba1fb12b0eac97ccf2e91f,staticcall,unlocked,1042217,1377,1040840
6,0x82788c99bd80ad2d7bba1fb12b0eac97ccf2e91f,0x1e45673d425a0e9b27e6688bbec53ea9f22f2d8a,staticcall,implementation,1025694,308,1025386
6,0x82788c99bd80ad2d7bba1fb12b0eac97ccf2e91f,0x50d2acb0d9ee43c39dcf7cf694e94a0f9187491a,delegatecall,unlocked,1025030,419,1024611
5,0x09133de53c0b365587c0e8c67e2c07a624f31ce4,0x82788c99bd80ad2d7bba1fb12b0eac97ccf2e91f,staticcall,convertToAssets,1040431,2943,1037488
6,0x82788c99bd80ad2d7bba1fb12b0eac97ccf2e91f,0x1e45673d425a0e9b27e6688bbec53ea9f22f2d8a,staticcall,implementation,1023936,308,1023628
6,0x82788c99bd80ad2d7bba1fb12b0eac97ccf2e91f,0x50d2acb0d9ee43c39dcf7cf694e94a0f9187491a,delegatecall,convertToAssets,1023269,1982,1021287
5,0x09133de53c0b365587c0e8c67e2c07a624f31ce4,0x82788c99bd80ad2d7bba1fb12b0eac97ccf2e91f,staticcall,Unresolved_bdc8d060,1037179,1376,1035803
6,0x82788c99bd80ad2d7bba1fb12b0eac97ccf2e91f,0x1e45673d425a0e9b27e6688bbec53ea9f22f2d8a,staticcall,implementation,1020734,308,1020426
6,0x82788c99bd80ad2d7bba1fb12b0eac97ccf2e91f,0x50d2acb0d9ee43c39dcf7cf694e94a0f9187491a,delegatecall,Unresolved_bdc8d060,1020071,418,1019653
5,0x09133de53c0b365587c0e8c67e2c07a624f31ce4,0x82788c99bd80ad2d7bba1fb12b0eac97ccf2e91f,staticcall,Unresolved_bdc8d060,1035030,1376,1033654
6,0x82788c99bd80ad2d7bba1fb12b0eac97ccf2e91f,0x1e45673d425a0e9b27e6688bbec53ea9f22f2d8a,staticcall,implementation,1018619,308,1018311
6,0x82788c99bd80ad2d7bba1fb12b0eac97ccf2e91f,0x50d2acb0d9ee43c39dcf7cf694e94a0f9187491a,delegatecall,Unresolved_bdc8d060,1017955,418,1017537
5,0x09133de53c0b365587c0e8c67e2c07a624f31ce4,0x7cbbe5d46146e69cd09d26f317ebadd324fc3e9d,staticcall,stakingToken,1030908,1340,1029568
6,0x7cbbe5d46146e69cd09d26f317ebadd324fc3e9d,0x28cd26607b09f6a2c89c1ec02cc5ec9b25cb0257,staticcall,implementation,1014561,308,1014253
6,0x7cbbe5d46146e69cd09d26f317ebadd324fc3e9d,0x7c9c6c832a94511586c52561fce8cfc9db88f91b,delegatecall,stakingToken,1013898,382,1013516
5,0x09133de53c0b365587c0e8c67e2c07a624f31ce4,0x82788c99bd80ad2d7bba1fb12b0eac97ccf2e91f,staticcall,Unresolved_4f4ce61d,1029006,1407,1027599
6,0x82788c99bd80ad2d7bba1fb12b0eac97ccf2e91f,0x1e45673d425a0e9b27e6688bbec53ea9f22f2d8a,staticcall,implementation,1012689,308,1012381
6,0x82788c99bd80ad2d7bba1fb12b0eac97ccf2e91f,0x50d2acb0d9ee43c39dcf7cf694e94a0f9187491a,delegatecall,Unresolved_4f4ce61d,1012026,449,1011577
5,0x09133de53c0b365587c0e8c67e2c07a624f31ce4,0xeba47e4cde40e579b32d11593296b15b60882543,staticcall,getReserves,1024696,1461,1023235
6,0xeba47e4cde40e579b32d11593296b15b60882543,0x1899ad7268e4e76d21b6a04061e17cec847a111b,staticcall,getReserves,1008255,504,1007751
5,0x09133de53c0b365587c0e8c67e2c07a624f31ce4,0xca1154bbd62c21868a358f9f782b90d69af600b0,staticcall,convertToAssets,1022513,2377,1020136
5,0x09133de53c0b365587c0e8c67e2c07a624f31ce4,0x1899ad7268e4e76d21b6a04061e17cec847a111b,staticcall,token1,1019828,357,1019471
5,0x09133de53c0b365587c0e8c67e2c07a624f31ce4,0xca1154bbd62c21868a358f9f782b90d69af600b0,staticcall,decimals,1019065,274,1018791
5,0x09133de53c0b365587c0e8c67e2c07a624f31ce4,0x1899ad7268e4e76d21b6a04061e17cec847a111b,staticcall,token0,1018098,381,1017717
5,0x09133de53c0b365587c0e8c67e2c07a624f31ce4,0x82788c99bd80ad2d7bba1fb12b0eac97ccf2e91f,staticcall,decimals,1017312,1238,1016074
6,0x82788c99bd80ad2d7bba1fb12b0eac97ccf2e91f,0x1e45673d425a0e9b27e6688bbec53ea9f22f2d8a,staticcall,implementation,1001178,308,1000870
6,0x82788c99bd80ad2d7bba1fb12b0eac97ccf2e91f,0x50d2acb0d9ee43c39dcf7cf694e94a0f9187491a,delegatecall,decimals,1000514,280,1000234
5,0x09133de53c0b365587c0e8c67e2c07a624f31ce4,0x1899ad7268e4e76d21b6a04061e17cec847a111b,staticcall,totalSupply,1001849,388,1001461
5,0x09133de53c0b365587c0e8c67e2c07a624f31ce4,0x1899ad7268e4e76d21b6a04061e17cec847a111b,staticcall,decimals,1001095,297,1000798
4,0xca1154bbd62c21868a358f9f782b90d69af600b0,0x91d07e071ed64ea2a11ecea0a067e275697f404b,call,transferFrom,977639,8523,969116
4,0xca1154bbd62c21868a358f9f782b90d69af600b0,0x3717e340140d30f3a077dd21fac39a86ace873aa,staticcall,Unresolved_22bbc2d2,965924,1603,964321
4,0xca1154bbd62c21868a358f9f782b90d69af600b0,0x3717e340140d30f3a077dd21fac39a86ace873aa,call,Unresolved_f556d889,962369,17742,944627
5,0x3717e340140d30f3a077dd21fac39a86ace873aa,0xca1154bbd62c21868a358f9f782b90d69af600b0,staticcall,convertToAssets,946424,2377,944047
5,0x3717e340140d30f3a077dd21fac39a86ace873aa,0xa0b86991c6218b36c1d19d4a2e9eb0ce3606eb48,call,transfer,936812,5452,931360
6,0xa0b86991c6218b36c1d19d4a2e9eb0ce3606eb48,0x43506849d7c04f9138d1a2050bbf3a0c054402dd,delegatecall,transfer,921441,4663,916778
4,0xca1154bbd62c21868a358f9f782b90d69af600b0,0xa0b86991c6218b36c1d19d4a2e9eb0ce3606eb48,call,transfer,915387,5452,909935
5,0xa0b86991c6218b36c1d19d4a2e9eb0ce3606eb48,0x43506849d7c04f9138d1a2050bbf3a0c054402dd,delegatecall,transfer,900351,4663,895688
2,0xbbbbbbbbbb9cc5e90e3b3af64bdaf62c37eeffcb,0xa0b86991c6218b36c1d19d4a2e9eb0ce3606eb48,call,transferFrom,960261,11349,948912
3,0xa0b86991c6218b36c1d19d4a2e9eb0ce3606eb48,0x43506849d7c04f9138d1a2050bbf3a0c054402dd,delegatecall,transferFrom,944518,10554,933964
1,0x80bf7db69556d9521c03461978b8fc731dbbd4e4,0xa0b86991c6218b36c1d19d4a2e9eb0ce3606eb48,staticcall,balanceOf,988086,1339,986747
2,0xa0b86991c6218b36c1d19d4a2e9eb0ce3606eb48,0x43506849d7c04f9138d1a2050bbf3a0c054402dd,delegatecall,balanceOf,971917,553,971364
1,0x80bf7db69556d9521c03461978b8fc731dbbd4e4,0xa0b86991c6218b36c1d19d4a2e9eb0ce3606eb48,call,transfer,986058,10252,975806
2,0xa0b86991c6218b36c1d19d4a2e9eb0ce3606eb48,0x43506849d7c04f9138d1a2050bbf3a0c054402dd,delegatecall,transfer,969918,9463,960455
1,0x80bf7db69556d9521c03461978b8fc731dbbd4e4,0x229b8325bb9ac04602898b7e8989998710235d5f,call,,2300,0,2300
