Contract,Storage Slot,New Value
0xc02aaa39b223fe8d0a0e5c4f27ead9083c756cc2,0x28aaaca3aa25f4b0394c3bb02e8f4639785026cfb63442c7dcea4ce648bfcfe7,0xffffffffffffffffffffffffffffffffffffffffffffffffffffffffffffffff
0xc02aaa39b223fe8d0a0e5c4f27ead9083c756cc2,0x390f6178407c9b8e95802b8659e6df8e34c1e3d4f8d6a49e6132bbcdd937b63a,0x26d2fe531e5c829c41f
0xc02aaa39b223fe8d0a0e5c4f27ead9083c756cc2,0x341994358601212fe86ad95762c1d9a84c5709bd0ad0f8bae9968efd81b6f642,0x3adda8591466e6c6d
0x04c154b66cb340f3ae24111cc767e0184ed00cc6,0x34ccaf31c47464f2222f9220bec3849c8d7b3e840f26cf0cfcc8626bf11299d9,0xffffffffffffffffffffffffffffffffffffffffffffffffffffffffffffffff
0x43506849d7c04f9138d1a2050bbf3a0c054402dd,0xf48063e5f05e2744c6e637be99b47387c2dcbddf2050fc61d595dd03648016d5,0xffffffffffffffffffffffffffffffffffffffffffffffffffffffffffffffff
0x43506849d7c04f9138d1a2050bbf3a0c054402dd,0x425664837bd3e116e4f308087e1b472aedeeb486b3fb6a02977106da0f7b0b8a,0x61d491821b71
0x43506849d7c04f9138d1a2050bbf3a0c054402dd,0x7f77fd1d4657c615668ec2b5bfe8cb636dc995b7d44fb7b337b2375dd3117c33,0x9184e72a001
0x43506849d7c04f9138d1a2050bbf3a0c054402dd,0x7f77fd1d4657c615668ec2b5bfe8cb636dc995b7d44fb7b337b2375dd3117c33,0x8efbb161abb
0x43506849d7c04f9138d1a2050bbf3a0c054402dd,0x1f21a62c4538bacf2aabeca410f0fe63151869f172e03c0e00357ba26a341eff,0x3cfb0392d7ea
0x1899ad7268e4e76d21b6a04061e17cec847a111b,0x314933e7a7306b6812034e654353a3bcbd4abffd9d4b219ac6819d469b8d6620,0xffffffffffffffffffffffffffffffffffffffffffffffffffffffffffffffff
0x7c9c6c832a94511586c52561fce8cfc9db88f91b,0x9bf09e4ae2e1c6ab149f4b303b5002a206fea58c619cacffc4a30c7547769cb7,0xffffffffffffffffffffffffffffffffffffffffffffffffffffffffffffffff
0x91d07e071ed64ea2a11ecea0a067e275697f404b,0xc7dc8514a649d31ed50e955b94380038a1fd620b82702f2086190f642ef95a4d,0xffffffffffffffffffffffffffffffffffffffffffffffffffffffffffffffff
0x88e6a0c2ddd26feeb64f039a2c41296fcb3f5640,0x0,0x2d302d301f00304c40000000000004d266c0e245d72e6adc7330c5b5d
0x88e6a0c2ddd26feeb64f039a2c41296fcb3f5640,0x6a8abcbab4c14423fc0aecaff0a670014c603691c23d3b9c6cf8d0ef01650057,0x130070756f3efbf455043e8c47b1
0x88e6a0c2ddd26feeb64f039a2c41296fcb3f5640,0x6a8abcbab4c14423fc0aecaff0a670014c603691c23d3b9c6cf8d0ef01650058,0x21ff3e3027be49a7d16c8e6771059a4c5f5
0x88e6a0c2ddd26feeb64f039a2c41296fcb3f5640,0x6a8abcbab4c14423fc0aecaff0a670014c603691c23d3b9c6cf8d0ef01650059,0x100d81e78000000000000000002b207d8758bd45f5d8b34b3000291d510677c
0x88e6a0c2ddd26feeb64f039a2c41296fcb3f5640,0x7251911be4e58ed193114f163c2f75ab1fe79ac9432132a5b92ad9ece931c4bb,0x132af40292e2357640eaefb37dcc
0x88e6a0c2ddd26feeb64f039a2c41296fcb3f5640,0x7251911be4e58ed193114f163c2f75ab1fe79ac9432132a5b92ad9ece931c4bc,0x2241cc678a145611b97b8c0db797802072c
0x88e6a0c2ddd26feeb64f039a2c41296fcb3f5640,0x7251911be4e58ed193114f163c2f75ab1fe79ac9432132a5b92ad9ece931c4bd,0x100d950fc000000000000000002b6229e786228e5ec24072d000295729a0934
0x88e6a0c2ddd26feeb64f039a2c41296fcb3f5640,0x1f9,0x10000000000000001f1ff9ff21eb89fdcc5dff6f20017d2cbd6ba1b686cf957
0x88e6a0c2ddd26feeb64f039a2c41296fcb3f5640,0x0,0x2d302d301f10304ad0000000000004d0fcef51d7c92582dfdebdd67f3
0x88e6a0c2ddd26feeb64f039a2c41296fcb3f5640,0x4,0x29a66b8614229bfe
0x88e6a0c2ddd26feeb64f039a2c41296fcb3f5640,0x1,0xc36465bb96bce1a8a0e61d74ee27
0x88e6a0c2ddd26feeb64f039a2c41296fcb3f5640,0x0,0x10002d302d301f10304ad0000000000004d0fcef51d7c92582dfdebdd67f3
0xc8eb2cf2f792f77af0cd9e203305a585e588179d,0x0,0x2
